{
   "hiss": {"category": "master","sounds": [{"name": "hiss","stream": false}]},
   "rocket": {"category": "master","sounds": [{"name": "rocket","stream": false}]},
   "wrench": {"category": "master","sounds": [{"name": "wrench","stream": false}]},
   "cannon": {"category": "master","sounds": [{"name": "cannon","stream": false}]},
   "leaking": {"category": "master","sounds": [{"name": "leaking","stream": false}]},
   "horn": {"category":"master","sounds":[{"name":"steamwhistle","stream":false}]}
}